<?xml version="1.0" encoding="UTF-8"?>
<project-private xmlns="http://www.netbeans.org/ns/project-private/1">
    <editor-bookmarks xmlns="http://www.netbeans.org/ns/editor-bookmarks/2" lastBookmarkId="0"/>
    <open-files xmlns="http://www.netbeans.org/ns/projectui-open-files/2">
        <group>
            <file>file:/C:/Users/carlo/OneDrive/Universidad/Cursos/Curso%203%20(2019-2020)/Semestre%201/PDO/2021-2022/Practicas/Civitas/src/GUI/GestionarDialog.java</file>
            <file>file:/C:/Users/carlo/OneDrive/Universidad/Cursos/Curso%203%20(2019-2020)/Semestre%201/PDO/2021-2022/Practicas/Civitas/src/GUI/PropiedadDialog.java</file>
            <file>file:/C:/Users/carlo/OneDrive/Universidad/Cursos/Curso%203%20(2019-2020)/Semestre%201/PDO/2021-2022/Practicas/Civitas/src/controladorCivitas/Controlador.java</file>
            <file>file:/C:/Users/carlo/OneDrive/Universidad/Cursos/Curso%203%20(2019-2020)/Semestre%201/PDO/2021-2022/Practicas/Civitas/src/civitas/JugadorEspeculador.java</file>
            <file>file:/C:/Users/carlo/OneDrive/Universidad/Cursos/Curso%203%20(2019-2020)/Semestre%201/PDO/2021-2022/Practicas/Civitas/src/civitas/MazoSorpresas.java</file>
            <file>file:/C:/Users/carlo/OneDrive/Universidad/Cursos/Curso%203%20(2019-2020)/Semestre%201/PDO/2021-2022/Practicas/Civitas/src/civitas/SorpresaPagarCobrar.java</file>
            <file>file:/C:/Users/carlo/OneDrive/Universidad/Cursos/Curso%203%20(2019-2020)/Semestre%201/PDO/2021-2022/Practicas/Civitas/src/civitas/Dado.java</file>
            <file>file:/C:/Users/carlo/OneDrive/Universidad/Cursos/Curso%203%20(2019-2020)/Semestre%201/PDO/2021-2022/Practicas/Civitas/src/JuegoTexto.java</file>
            <file>file:/C:/Users/carlo/OneDrive/Universidad/Cursos/Curso%203%20(2019-2020)/Semestre%201/PDO/2021-2022/Practicas/Civitas/src/GUI/CivitasView.java</file>
            <file>file:/C:/Users/carlo/OneDrive/Universidad/Cursos/Curso%203%20(2019-2020)/Semestre%201/PDO/2021-2022/Practicas/Civitas/src/civitas/CasillaSorpresa.java</file>
            <file>file:/C:/Users/carlo/OneDrive/Universidad/Cursos/Curso%203%20(2019-2020)/Semestre%201/PDO/2021-2022/Practicas/Civitas/src/civitas/OperacionInmobiliaria.java</file>
            <file>file:/C:/Users/carlo/OneDrive/Universidad/Cursos/Curso%203%20(2019-2020)/Semestre%201/PDO/2021-2022/Practicas/Civitas/src/civitas/SorpresaPorCasaHotel.java</file>
            <file>file:/C:/Users/carlo/OneDrive/Universidad/Cursos/Curso%203%20(2019-2020)/Semestre%201/PDO/2021-2022/Practicas/Civitas/src/vistaTextualCivitas/VistaTextual.java</file>
            <file>file:/C:/Users/carlo/OneDrive/Universidad/Cursos/Curso%203%20(2019-2020)/Semestre%201/PDO/2021-2022/Practicas/Civitas/src/civitas/Tablero.java</file>
            <file>file:/C:/Users/carlo/OneDrive/Universidad/Cursos/Curso%203%20(2019-2020)/Semestre%201/PDO/2021-2022/Practicas/Civitas/src/civitas/Pruebas.java</file>
            <file>file:/C:/Users/carlo/OneDrive/Universidad/Cursos/Curso%203%20(2019-2020)/Semestre%201/PDO/2021-2022/Practicas/Civitas/src/civitas/CasillaCalle.java</file>
            <file>file:/C:/Users/carlo/OneDrive/Universidad/Cursos/Curso%203%20(2019-2020)/Semestre%201/PDO/2021-2022/Practicas/Civitas/src/civitas/GestorEstados.java</file>
            <file>file:/C:/Users/carlo/OneDrive/Universidad/Cursos/Curso%203%20(2019-2020)/Semestre%201/PDO/2021-2022/Practicas/Civitas/src/civitas/Casilla.java</file>
            <file>file:/C:/Users/carlo/OneDrive/Universidad/Cursos/Curso%203%20(2019-2020)/Semestre%201/PDO/2021-2022/Practicas/Civitas/src/civitas/Jugador.java</file>
            <file>file:/C:/Users/carlo/OneDrive/Universidad/Cursos/Curso%203%20(2019-2020)/Semestre%201/PDO/2021-2022/Practicas/Civitas/src/vistaTextualCivitas/Vista.java</file>
            <file>file:/C:/Users/carlo/OneDrive/Universidad/Cursos/Curso%203%20(2019-2020)/Semestre%201/PDO/2021-2022/Practicas/Civitas/src/civitas/GestionInmobiliaria.java</file>
            <file>file:/C:/Users/carlo/OneDrive/Universidad/Cursos/Curso%203%20(2019-2020)/Semestre%201/PDO/2021-2022/Practicas/Civitas/src/civitas/CivitasJuego.java</file>
            <file>file:/C:/Users/carlo/OneDrive/Universidad/Cursos/Curso%203%20(2019-2020)/Semestre%201/PDO/2021-2022/Practicas/Civitas/src/GUI/CasillaPanel.java</file>
            <file>file:/C:/Users/carlo/OneDrive/Universidad/Cursos/Curso%203%20(2019-2020)/Semestre%201/PDO/2021-2022/Practicas/Civitas/src/GUI/CapturaNombres.java</file>
            <file>file:/C:/Users/carlo/OneDrive/Universidad/Cursos/Curso%203%20(2019-2020)/Semestre%201/PDO/2021-2022/Practicas/Civitas/src/civitas/Diario.java</file>
            <file>file:/C:/Users/carlo/OneDrive/Universidad/Cursos/Curso%203%20(2019-2020)/Semestre%201/PDO/2021-2022/Practicas/Civitas/src/GUI/PropiedadPanel.java</file>
            <file>file:/C:/Users/carlo/OneDrive/Universidad/Cursos/Curso%203%20(2019-2020)/Semestre%201/PDO/2021-2022/Practicas/Civitas/src/civitas/SorpresaConvertirme.java</file>
            <file>file:/C:/Users/carlo/OneDrive/Universidad/Cursos/Curso%203%20(2019-2020)/Semestre%201/PDO/2021-2022/Practicas/Civitas/src/civitas/OperacionJuego.java</file>
            <file>file:/C:/Users/carlo/OneDrive/Universidad/Cursos/Curso%203%20(2019-2020)/Semestre%201/PDO/2021-2022/Practicas/Civitas/src/GUI/DiarioDialog.java</file>
            <file>file:/C:/Users/carlo/OneDrive/Universidad/Cursos/Curso%203%20(2019-2020)/Semestre%201/PDO/2021-2022/Practicas/Civitas/src/GUI/JugadorPanel.java</file>
            <file>file:/C:/Users/carlo/OneDrive/Universidad/Cursos/Curso%203%20(2019-2020)/Semestre%201/PDO/2021-2022/Practicas/Civitas/src/civitas/Sorpresa.java</file>
            <file>file:/C:/Users/carlo/OneDrive/Universidad/Cursos/Curso%203%20(2019-2020)/Semestre%201/PDO/2021-2022/Practicas/Civitas/src/GUI/Dado.java</file>
            <file>file:/C:/Users/carlo/OneDrive/Universidad/Cursos/Curso%203%20(2019-2020)/Semestre%201/PDO/2021-2022/Practicas/Civitas/src/TestP5.java</file>
        </group>
    </open-files>
</project-private>
