<?xml version="1.0" encoding="UTF-8"?>
<project-private xmlns="http://www.netbeans.org/ns/project-private/1">
    <editor-bookmarks xmlns="http://www.netbeans.org/ns/editor-bookmarks/2" lastBookmarkId="0"/>
    <open-files xmlns="http://www.netbeans.org/ns/projectui-open-files/2">
        <group>
            <file>file:/C:/Users/carlo/OneDrive/Universidad/Cursos/Curso%203%20(2019-2020)/Semestre%201/PDO/2021-2022/Practicas/TutorialP5/src/vista/VistaPrincipal.java</file>
            <file>file:/C:/Users/carlo/OneDrive/Universidad/Cursos/Curso%203%20(2019-2020)/Semestre%201/PDO/2021-2022/Practicas/TutorialP5/src/controlador/Controlador.java</file>
            <file>file:/C:/Users/carlo/OneDrive/Universidad/Cursos/Curso%203%20(2019-2020)/Semestre%201/PDO/2021-2022/Practicas/TutorialP5/src/modelo/Modelo.java</file>
            <file>file:/C:/Users/carlo/OneDrive/Universidad/Cursos/Curso%203%20(2019-2020)/Semestre%201/PDO/2021-2022/Practicas/TutorialP5/src/vista/VistaElemento.java</file>
            <file>file:/C:/Users/carlo/OneDrive/Universidad/Cursos/Curso%203%20(2019-2020)/Semestre%201/PDO/2021-2022/Practicas/TutorialP5/src/principal/Principal.java</file>
            <file>file:/C:/Users/carlo/OneDrive/Universidad/Cursos/Curso%203%20(2019-2020)/Semestre%201/PDO/2021-2022/Practicas/TutorialP5/src/vista/Vista.java</file>
        </group>
    </open-files>
</project-private>
