<?xml version="1.0" encoding="UTF-8"?>
<project-private xmlns="http://www.netbeans.org/ns/project-private/1">
    <editor-bookmarks xmlns="http://www.netbeans.org/ns/editor-bookmarks/2" lastBookmarkId="0"/>
    <open-files xmlns="http://www.netbeans.org/ns/projectui-open-files/2">
        <group>
            <file>file:/C:/Users/carlo/OneDrive/Universidad/Cursos/Curso%203%20(2019-2020)/Semestre%201/PDO/2021-2022/Practicas/Civitas/src/civitas/Jugador.java</file>
            <file>file:/C:/Users/carlo/OneDrive/Universidad/Cursos/Curso%203%20(2019-2020)/Semestre%201/PDO/2021-2022/Practicas/Civitas/src/civitas/GestionInmobiliaria.java</file>
            <file>file:/C:/Users/carlo/OneDrive/Universidad/Cursos/Curso%203%20(2019-2020)/Semestre%201/PDO/2021-2022/Practicas/Civitas/src/vistaTextualCivitas/Vista.java</file>
            <file>file:/C:/Users/carlo/OneDrive/Universidad/Cursos/Curso%203%20(2019-2020)/Semestre%201/PDO/2021-2022/Practicas/Civitas/src/civitas/Tablero.java</file>
            <file>file:/C:/Users/carlo/OneDrive/Universidad/Cursos/Curso%203%20(2019-2020)/Semestre%201/PDO/2021-2022/Practicas/Civitas/src/controladorCivitas/Respuesta.java</file>
            <file>file:/C:/Users/carlo/OneDrive/Universidad/Cursos/Curso%203%20(2019-2020)/Semestre%201/PDO/2021-2022/Practicas/Civitas/src/controladorCivitas/Controlador.java</file>
            <file>file:/C:/Users/carlo/OneDrive/Universidad/Cursos/Curso%203%20(2019-2020)/Semestre%201/PDO/2021-2022/Practicas/Civitas/src/civitas/CivitasJuego.java</file>
            <file>file:/C:/Users/carlo/OneDrive/Universidad/Cursos/Curso%203%20(2019-2020)/Semestre%201/PDO/2021-2022/Practicas/Civitas/src/civitas/Diario.java</file>
            <file>file:/C:/Users/carlo/OneDrive/Universidad/Cursos/Curso%203%20(2019-2020)/Semestre%201/PDO/2021-2022/Practicas/Civitas/src/civitas/OperacionInmobiliaria.java</file>
            <file>file:/C:/Users/carlo/OneDrive/Universidad/Cursos/Curso%203%20(2019-2020)/Semestre%201/PDO/2021-2022/Practicas/Civitas/src/civitas/OperacionJuego.java</file>
            <file>file:/C:/Users/carlo/OneDrive/Universidad/Cursos/Curso%203%20(2019-2020)/Semestre%201/PDO/2021-2022/Practicas/Civitas/src/civitas/Casilla.java</file>
            <file>file:/C:/Users/carlo/OneDrive/Universidad/Cursos/Curso%203%20(2019-2020)/Semestre%201/PDO/2021-2022/Practicas/Civitas/src/vistaTextualCivitas/VistaTextual.java</file>
        </group>
    </open-files>
</project-private>
