<?xml version="1.0" encoding="UTF-8"?>
<project-private xmlns="http://www.netbeans.org/ns/project-private/1">
    <editor-bookmarks xmlns="http://www.netbeans.org/ns/editor-bookmarks/2" lastBookmarkId="0"/>
    <open-files xmlns="http://www.netbeans.org/ns/projectui-open-files/2">
        <group>
            <file>file:/C:/Users/carlo/OneDrive/Universidad/Cursos/Curso%203%20(2019-2020)/Semestre%201/PDO/2021-2022/Practicas/EjerciciosJavaP4/src/ejercicios/Persona.java</file>
            <file>file:/C:/Users/carlo/OneDrive/Universidad/Cursos/Curso%203%20(2019-2020)/Semestre%201/PDO/2021-2022/Practicas/EjerciciosJavaP4/src/ejercicios/Nadador.java</file>
            <file>file:/C:/Users/carlo/OneDrive/Universidad/Cursos/Curso%203%20(2019-2020)/Semestre%201/PDO/2021-2022/Practicas/EjerciciosJavaP4/src/ejercicios/EjerciciosJavaP4.java</file>
            <file>file:/C:/Users/carlo/OneDrive/Universidad/Cursos/Curso%203%20(2019-2020)/Semestre%201/PDO/2021-2022/Practicas/EjerciciosJavaP4/src/ejercicios/CasillaCalle.java</file>
            <file>file:/C:/Users/carlo/OneDrive/Universidad/Cursos/Curso%203%20(2019-2020)/Semestre%201/PDO/2021-2022/Practicas/EjerciciosJavaP4/src/ejercicios/Deportista.java</file>
            <file>file:/C:/Users/carlo/OneDrive/Universidad/Cursos/Curso%203%20(2019-2020)/Semestre%201/PDO/2021-2022/Practicas/EjerciciosJavaP4/src/ejercicios/Casilla.java</file>
            <file>file:/C:/Users/carlo/OneDrive/Universidad/Cursos/Curso%203%20(2019-2020)/Semestre%201/PDO/2021-2022/Practicas/EjerciciosJavaP4/src/ejercicios/Corredor.java</file>
        </group>
    </open-files>
</project-private>
